"num","term"
"1","act"
"2","endangered"
"3","help"
"4","plz"
"5","protect"
"6","sign"
"7","species"
"8","australia"
"9","biodiversity"
"10","conservation"
"11","worlds"
"12","worst"
"13","habitat"
"14","lets"
"15","hunting"
"16","opfunkill"
"17","s"
"18","saving"
"19","conserve"
"20","rare"
"21","loss"
"22","offender"
"23","secondworst"
"24","great"
"25","identified"
"26","indonesia"
"27","new"
"28","discovered"
"29","real"
"30","fire"
"31","looking"
"32","refuge"
"33","salamander"
"34","working"
"35","environment"
"36","today"
"37","habitats"
"38","protecting"
"39","blog"
"40","important"
"41","orangutan"
"42","bee"
"43","one"
"44","conversationedu"
"45","now"
"46","forests"
"47","another"
"48","funds"
"49","link"
"50","views"
"51","news"
"52","photos"
"53","longterm"
"54","research"
"55","change"
"56","petition"
"57","ecology"
"58","marine"
"59","need"
"60","nature"
"61","world"
"62","climate"
"63","climatechange"
"64","efforts"
"65","funding"
"66","says"
"67","just"
"68","like"
"69","photography"
"70","billion"
"71","key"
"72","make"
"73","people"
"74","save"
"75","coastal"
"76","photo"
"77","congress"
"78","tell"
"79","love"
"80","countries"
"81","wildlife"
"82","convention"
"83","migratory"
"84","contribute"
"85","read"
"86","responsible"
"87","arctic"
"88","provide"
"89","half"
"90","nations"
"91","group"
"92","natgeo"
"93","conference"
"94","global"
"95","planet"
"96","science"
"97","sustainable"
"98","buy"
"99","image"
"100","projects"
"101","investment"
"102","action"
"103","seven"
"104","conservationfunds"
"105","personal"
"106","project"
"107","urban"
"108","proves"
"109","saves"
"110","must"
"111","please"
"112","extinction"
"113","animals"
"114","work"
"115","home"
"116","risk"
"117","green"
"118","invasive"
"119","led"
"120","v"
"121","sustainability"
"122","international"
"123","protected"
"124","sharks"
"125","protection"
"126","study"
"127","cause"
"128","enenews"
"129","fukushima"
"130","geoengineering"
"131","harm"
"132","pacific"
"133","radiation"
"134","salmon"
"135","hope"
"136","chimpanzees"
"137","giraffes"
"138","leopards"
"139","receive"
"140","native"
"141","national"
"142","animal"
"143","single"
"144","threatened"
"145","day"
"146","lost"
"147","bees"
"148","want"
"149","many"
"150","bird"
"151","bodies"
"152","dead"
"153","spooky"
"154","job"
"155","support"
"156","human"
"157","areas"
"158","good"
"159","predicted"
"160","reductions"
"161","spending"
"162","city"
"163","environmental"
"164","ecosystem"
"165","wild"
"166","spent"
"167","cmscop"
"168","decline"
"169","first"
"170","actually"
"171","worked"
"172","bad"
"173","per"
"174","cms"
"175","cent"
